columna,vif,estado,nota
contrato_principal_desc__no_aplica_sin_contrato_principal_documentado,36.49869571627536,ok,VIF_j = 1/(1-R_j^2). En dummies depende de la codificacion k-1.
subor_principal_desc__si,36.38905748568494,ok,VIF_j = 1/(1-R_j^2). En dummies depende de la codificacion k-1.
nivelaprob_desc__secundaria,12.597583006845536,ok,VIF_j = 1/(1-R_j^2). En dummies depende de la codificacion k-1.
nivelaprob_desc__preparatoria_o_bachillerato,11.835690175922837,ok,VIF_j = 1/(1-R_j^2). En dummies depende de la codificacion k-1.
nivelaprob_desc__licenciatura_o_ingenieria_profesional,11.778720190870906,ok,VIF_j = 1/(1-R_j^2). En dummies depende de la codificacion k-1.
nivelaprob_desc__primaria,9.158746050715028,ok,VIF_j = 1/(1-R_j^2). En dummies depende de la codificacion k-1.
educa_jefe_desc__secundaria_completa,7.900242961796901,ok,VIF_j = 1/(1-R_j^2). En dummies depende de la codificacion k-1.
educa_jefe_desc__preparatoria_completa,5.803011553497795,ok,VIF_j = 1/(1-R_j^2). En dummies depende de la codificacion k-1.
educa_jefe_desc__profesional_completa,5.533420501073588,ok,VIF_j = 1/(1-R_j^2). En dummies depende de la codificacion k-1.
educa_jefe_desc__primaria_completa,5.17407351133238,ok,VIF_j = 1/(1-R_j^2). En dummies depende de la codificacion k-1.
educa_jefe_desc__primaria_incompleta,4.25761620812779,ok,VIF_j = 1/(1-R_j^2). En dummies depende de la codificacion k-1.
educa_jefe_desc__posgrado,2.7705150149469375,ok,VIF_j = 1/(1-R_j^2). En dummies depende de la codificacion k-1.
parentesco_desc__hijo_a_hijo_a_consanguineo_hijo_a_reconocido,2.736523385581707,ok,VIF_j = 1/(1-R_j^2). En dummies depende de la codificacion k-1.
nivelaprob_desc__maestria,2.6810010216014257,ok,VIF_j = 1/(1-R_j^2). En dummies depende de la codificacion k-1.
edad,2.5342776923448502,ok,VIF_j = 1/(1-R_j^2). En dummies depende de la codificacion k-1.
nivelaprob_desc__estudios_tecnicos_o_comerciales,2.419873155150378,ok,VIF_j = 1/(1-R_j^2). En dummies depende de la codificacion k-1.
educa_jefe_desc__profesional_incompleta,2.3625966787106383,ok,VIF_j = 1/(1-R_j^2). En dummies depende de la codificacion k-1.
educa_jefe_desc__preparatoria_incompleta,2.1925246826649234,ok,VIF_j = 1/(1-R_j^2). En dummies depende de la codificacion k-1.
tot_integ,2.1272899831273158,ok,VIF_j = 1/(1-R_j^2). En dummies depende de la codificacion k-1.
menores,2.0048760327993955,ok,VIF_j = 1/(1-R_j^2). En dummies depende de la codificacion k-1.
educa_jefe_desc__secundaria_incompleta,1.9604903620499052,ok,VIF_j = 1/(1-R_j^2). En dummies depende de la codificacion k-1.
subor_principal_desc__no_aplica_sin_trabajo_principal_reportado,1.8027934238246257,ok,VIF_j = 1/(1-R_j^2). En dummies depende de la codificacion k-1.
contrato_principal_desc__si,1.7428888637106381,ok,VIF_j = 1/(1-R_j^2). En dummies depende de la codificacion k-1.
n_trabajos,1.6971270013106643,ok,VIF_j = 1/(1-R_j^2). En dummies depende de la codificacion k-1.
tam_loc_desc__localidades_con_menos_de_2_500_habitantes,1.6301988148670223,ok,VIF_j = 1/(1-R_j^2). En dummies depende de la codificacion k-1.
region_banxico__sur,1.5803673875927664,ok,VIF_j = 1/(1-R_j^2). En dummies depende de la codificacion k-1.
region_banxico__norte,1.567595585844975,ok,VIF_j = 1/(1-R_j^2). En dummies depende de la codificacion k-1.
region_banxico__centro_norte,1.5636072557090086,ok,VIF_j = 1/(1-R_j^2). En dummies depende de la codificacion k-1.
segsoc_desc__si,1.5579454963474046,ok,VIF_j = 1/(1-R_j^2). En dummies depende de la codificacion k-1.
p65mas,1.5283965843350937,ok,VIF_j = 1/(1-R_j^2). En dummies depende de la codificacion k-1.
parentesco_desc__esposo_a_companero_a_conyuge_pareja_marido_mujer_senor_a_consorte,1.479974174446117,ok,VIF_j = 1/(1-R_j^2). En dummies depende de la codificacion k-1.
sexo_desc__mujer,1.4667949350644318,ok,VIF_j = 1/(1-R_j^2). En dummies depende de la codificacion k-1.
horas_trabajos_total,1.4548656214164175,ok,VIF_j = 1/(1-R_j^2). En dummies depende de la codificacion k-1.
parentesco_desc__nieto_a,1.4189955389385733,ok,VIF_j = 1/(1-R_j^2). En dummies depende de la codificacion k-1.
nivelaprob_desc__doctorado,1.3299640443562948,ok,VIF_j = 1/(1-R_j^2). En dummies depende de la codificacion k-1.
nivelaprob_desc__preescolar_o_kinder,1.2989037487664665,ok,VIF_j = 1/(1-R_j^2). En dummies depende de la codificacion k-1.
educa_jefe_desc__preescolar,1.290947725224487,ok,VIF_j = 1/(1-R_j^2). En dummies depende de la codificacion k-1.
nivelaprob_desc__especialidad,1.265622901215529,ok,VIF_j = 1/(1-R_j^2). En dummies depende de la codificacion k-1.
tam_loc_desc__localidades_con_2_500_a_14_999_habitantes,1.2651583003311995,ok,VIF_j = 1/(1-R_j^2). En dummies depende de la codificacion k-1.
parentesco_desc__nuera_yerno,1.2630532793176525,ok,VIF_j = 1/(1-R_j^2). En dummies depende de la codificacion k-1.
sexo_jefe_desc__mujer,1.2167871538719006,ok,VIF_j = 1/(1-R_j^2). En dummies depende de la codificacion k-1.
tam_loc_desc__localidades_con_15_000_a_99_999_habitantes,1.1875775915041882,ok,VIF_j = 1/(1-R_j^2). En dummies depende de la codificacion k-1.
hablaind_desc__si,1.1828291249453546,ok,VIF_j = 1/(1-R_j^2). En dummies depende de la codificacion k-1.
nivelaprob_desc__normal,1.1804542712888235,ok,VIF_j = 1/(1-R_j^2). En dummies depende de la codificacion k-1.
parentesco_desc__sobrino_a,1.0656283304906284,ok,VIF_j = 1/(1-R_j^2). En dummies depende de la codificacion k-1.
parentesco_desc__hermano_a,1.0430011699553885,ok,VIF_j = 1/(1-R_j^2). En dummies depende de la codificacion k-1.
parentesco_desc__no_tiene_parentesco,1.0256440710459434,ok,VIF_j = 1/(1-R_j^2). En dummies depende de la codificacion k-1.
parentesco_desc__hijastro_a_entenado_a,1.0252132469431323,ok,VIF_j = 1/(1-R_j^2). En dummies depende de la codificacion k-1.
parentesco_desc__madre_padre,1.0249304739734404,ok,VIF_j = 1/(1-R_j^2). En dummies depende de la codificacion k-1.
parentesco_desc__cunado_a,1.0182944797762088,ok,VIF_j = 1/(1-R_j^2). En dummies depende de la codificacion k-1.
parentesco_desc__suegro_a,1.0122070919706914,ok,VIF_j = 1/(1-R_j^2). En dummies depende de la codificacion k-1.
parentesco_desc__primo_a_noicpircsed_4202_y,1.0061426420369854,ok,VIF_j = 1/(1-R_j^2). En dummies depende de la codificacion k-1.
parentesco_desc__bisnieto_a,1.0041128158701398,ok,VIF_j = 1/(1-R_j^2). En dummies depende de la codificacion k-1.
parentesco_desc__abuelo_a,1.0029872400341444,ok,VIF_j = 1/(1-R_j^2). En dummies depende de la codificacion k-1.
parentesco_desc__tio_a,1.0024572776390712,ok,VIF_j = 1/(1-R_j^2). En dummies depende de la codificacion k-1.
parentesco_desc__pareja_del_mismo_sexo,1.0024033213195804,ok,VIF_j = 1/(1-R_j^2). En dummies depende de la codificacion k-1.
parentesco_desc__familiar_otro_parentesco,1.0016382666016448,ok,VIF_j = 1/(1-R_j^2). En dummies depende de la codificacion k-1.
parentesco_desc__concubino_a,1.0011560940653834,ok,VIF_j = 1/(1-R_j^2). En dummies depende de la codificacion k-1.
parentesco_desc__concuno_a,1.0010924699852568,ok,VIF_j = 1/(1-R_j^2). En dummies depende de la codificacion k-1.
parentesco_desc__bisabuelo_a,1.0008347854468724,ok,VIF_j = 1/(1-R_j^2). En dummies depende de la codificacion k-1.
parentesco_desc__consuegro_a,1.0007268404744716,ok,VIF_j = 1/(1-R_j^2). En dummies depende de la codificacion k-1.
parentesco_desc__padrastro_madrastra,1.0006336592121132,ok,VIF_j = 1/(1-R_j^2). En dummies depende de la codificacion k-1.
parentesco_desc__hijo_a_adoptivo_a,1.0006113210418375,ok,VIF_j = 1/(1-R_j^2). En dummies depende de la codificacion k-1.
parentesco_desc__ahijado_a,1.0004409294028815,ok,VIF_j = 1/(1-R_j^2). En dummies depende de la codificacion k-1.
parentesco_desc__compadre_comadre,1.0003789468779525,ok,VIF_j = 1/(1-R_j^2). En dummies depende de la codificacion k-1.
parentesco_desc__hijo_a_de_crianza,1.0003491191822735,ok,VIF_j = 1/(1-R_j^2). En dummies depende de la codificacion k-1.
parentesco_desc__medio_a_hermano_a,1.0003012068517387,ok,VIF_j = 1/(1-R_j^2). En dummies depende de la codificacion k-1.
