variable_original,repeticion,rmse_permutado,mae_permutado,delta_rmse,delta_mae,baseline_rmse,baseline_mae
contrato_principal_desc,1,43686.00464567827,18530.43737948026,1688.9622760808415,2553.2137905966592,41997.04236959743,15977.2235888836
contrato_principal_desc,2,43652.38369486294,18475.424471897888,1655.3413252655082,2498.2008830142877,41997.04236959743,15977.2235888836
contrato_principal_desc,3,43672.23004066929,18503.778147145167,1675.187671071857,2526.554558261567,41997.04236959743,15977.2235888836
contrato_principal_desc,4,43671.43481795863,18483.90852240596,1674.392448361199,2506.6849335223596,41997.04236959743,15977.2235888836
contrato_principal_desc,5,43523.81407429114,18402.701364953526,1526.7717046937105,2425.4777760699253,41997.04236959743,15977.2235888836
contrato_principal_desc,6,43749.654867757155,18529.073452276993,1752.612498159724,2551.8498633933923,41997.04236959743,15977.2235888836
contrato_principal_desc,7,43646.61449454178,18502.019146486797,1649.572124944345,2524.7955576031964,41997.04236959743,15977.2235888836
contrato_principal_desc,8,43708.36812444506,18477.630155463565,1711.3257548476322,2500.4065665799644,41997.04236959743,15977.2235888836
contrato_principal_desc,9,43668.909796235486,18478.606243354097,1671.867426638055,2501.382654470497,41997.04236959743,15977.2235888836
contrato_principal_desc,10,43630.239947474765,18497.137683007204,1633.197577877334,2519.9140941236037,41997.04236959743,15977.2235888836
edad,1,42137.22901480688,16132.549477611872,140.1866452094473,155.32588872827182,41997.04236959743,15977.2235888836
edad,2,42137.220485576305,16116.920508238236,140.1781159788734,139.6969193546356,41997.04236959743,15977.2235888836
edad,3,42116.77744972737,16110.298225328337,119.73508012993989,133.07463644473683,41997.04236959743,15977.2235888836
edad,4,42142.586191792565,16133.825479593455,145.54382219513354,156.60189070985507,41997.04236959743,15977.2235888836
edad,5,42135.584149345,16138.706118780283,138.5417797475675,161.48252989668254,41997.04236959743,15977.2235888836
edad,6,42147.51211128111,16127.584637283337,150.46974168367888,150.36104839973632,41997.04236959743,15977.2235888836
edad,7,42136.69110378938,16135.79432867992,139.6487341919492,158.57073979631969,41997.04236959743,15977.2235888836
edad,8,42151.097723984705,16117.623324181615,154.05535438727384,140.399735298015,41997.04236959743,15977.2235888836
edad,9,42148.44386473426,16122.906108477191,151.4014951368299,145.68251959359077,41997.04236959743,15977.2235888836
edad,10,42128.174659328535,16135.961828536487,131.1322897311038,158.73823965288648,41997.04236959743,15977.2235888836
educa_jefe_desc,1,43712.40733389928,17228.32468101908,1715.3649643018507,1251.1010921354791,41997.04236959743,15977.2235888836
educa_jefe_desc,2,43710.96809116909,17254.51182163652,1713.925721571657,1277.2882327529187,41997.04236959743,15977.2235888836
educa_jefe_desc,3,43712.61850766297,17243.332748194847,1715.5761380655385,1266.109159311247,41997.04236959743,15977.2235888836
educa_jefe_desc,4,43764.884578121426,17224.840157354804,1767.8422085239945,1247.6165684712032,41997.04236959743,15977.2235888836
educa_jefe_desc,5,43723.006410086105,17174.73426952161,1725.964040488674,1197.51068063801,41997.04236959743,15977.2235888836
educa_jefe_desc,6,43664.43917722401,17169.05278570622,1667.396807626581,1191.8291968226185,41997.04236959743,15977.2235888836
educa_jefe_desc,7,43762.73401789756,17225.741290689482,1765.691648300126,1248.517701805882,41997.04236959743,15977.2235888836
educa_jefe_desc,8,43675.446759651495,17177.623303869565,1678.4043900540637,1200.3997149859642,41997.04236959743,15977.2235888836
educa_jefe_desc,9,43691.38394769475,17185.53679890836,1694.3415780973155,1208.3132100247603,41997.04236959743,15977.2235888836
educa_jefe_desc,10,43634.86546899874,17172.71322809673,1637.8230994013065,1195.4896392131304,41997.04236959743,15977.2235888836
hablaind_desc,1,41997.04236959743,15977.2235888836,0.0,0.0,41997.04236959743,15977.2235888836
hablaind_desc,2,41997.04236959743,15977.2235888836,0.0,0.0,41997.04236959743,15977.2235888836
hablaind_desc,3,41997.04236959743,15977.2235888836,0.0,0.0,41997.04236959743,15977.2235888836
hablaind_desc,4,41997.04236959743,15977.2235888836,0.0,0.0,41997.04236959743,15977.2235888836
hablaind_desc,5,41997.04236959743,15977.2235888836,0.0,0.0,41997.04236959743,15977.2235888836
hablaind_desc,6,41997.04236959743,15977.2235888836,0.0,0.0,41997.04236959743,15977.2235888836
hablaind_desc,7,41997.04236959743,15977.2235888836,0.0,0.0,41997.04236959743,15977.2235888836
hablaind_desc,8,41997.04236959743,15977.2235888836,0.0,0.0,41997.04236959743,15977.2235888836
hablaind_desc,9,41997.04236959743,15977.2235888836,0.0,0.0,41997.04236959743,15977.2235888836
hablaind_desc,10,41997.04236959743,15977.2235888836,0.0,0.0,41997.04236959743,15977.2235888836
horas_trabajos_total,1,43236.544021991,18109.985657021953,1239.50165239357,2132.7620681383523,41997.04236959743,15977.2235888836
horas_trabajos_total,2,43142.580806572805,18120.471992170387,1145.5384369753738,2143.248403286787,41997.04236959743,15977.2235888836
horas_trabajos_total,3,43363.18774362603,18159.510771085046,1366.1453740286015,2182.287182201446,41997.04236959743,15977.2235888836
horas_trabajos_total,4,43189.92728098163,18125.82334477994,1192.8849113842007,2148.599755896339,41997.04236959743,15977.2235888836
horas_trabajos_total,5,43137.21476586402,18081.181377229215,1140.1723962665856,2103.957788345615,41997.04236959743,15977.2235888836
horas_trabajos_total,6,43166.76247998394,18094.686745429186,1169.7201103865082,2117.4631565455857,41997.04236959743,15977.2235888836
horas_trabajos_total,7,43141.21903120774,18070.875590491483,1144.176661610305,2093.652001607883,41997.04236959743,15977.2235888836
horas_trabajos_total,8,43259.26933721632,18082.109070804723,1262.226967618888,2104.885481921123,41997.04236959743,15977.2235888836
horas_trabajos_total,9,43282.49080705802,18179.588603048276,1285.448437460589,2202.365014164676,41997.04236959743,15977.2235888836
horas_trabajos_total,10,43227.43779365833,18163.61902296143,1230.3954240609019,2186.395434077829,41997.04236959743,15977.2235888836
menores,1,41997.04236959743,15977.2235888836,0.0,0.0,41997.04236959743,15977.2235888836
menores,2,41997.04236959743,15977.2235888836,0.0,0.0,41997.04236959743,15977.2235888836
menores,3,41997.04236959743,15977.2235888836,0.0,0.0,41997.04236959743,15977.2235888836
menores,4,41997.04236959743,15977.2235888836,0.0,0.0,41997.04236959743,15977.2235888836
menores,5,41997.04236959743,15977.2235888836,0.0,0.0,41997.04236959743,15977.2235888836
menores,6,41997.04236959743,15977.2235888836,0.0,0.0,41997.04236959743,15977.2235888836
menores,7,41997.04236959743,15977.2235888836,0.0,0.0,41997.04236959743,15977.2235888836
menores,8,41997.04236959743,15977.2235888836,0.0,0.0,41997.04236959743,15977.2235888836
menores,9,41997.04236959743,15977.2235888836,0.0,0.0,41997.04236959743,15977.2235888836
menores,10,41997.04236959743,15977.2235888836,0.0,0.0,41997.04236959743,15977.2235888836
n_trabajos,1,41997.04236959743,15977.2235888836,0.0,0.0,41997.04236959743,15977.2235888836
n_trabajos,2,41997.04236959743,15977.2235888836,0.0,0.0,41997.04236959743,15977.2235888836
n_trabajos,3,41997.04236959743,15977.2235888836,0.0,0.0,41997.04236959743,15977.2235888836
n_trabajos,4,41997.04236959743,15977.2235888836,0.0,0.0,41997.04236959743,15977.2235888836
n_trabajos,5,41997.04236959743,15977.2235888836,0.0,0.0,41997.04236959743,15977.2235888836
n_trabajos,6,41997.04236959743,15977.2235888836,0.0,0.0,41997.04236959743,15977.2235888836
n_trabajos,7,41997.04236959743,15977.2235888836,0.0,0.0,41997.04236959743,15977.2235888836
n_trabajos,8,41997.04236959743,15977.2235888836,0.0,0.0,41997.04236959743,15977.2235888836
n_trabajos,9,41997.04236959743,15977.2235888836,0.0,0.0,41997.04236959743,15977.2235888836
n_trabajos,10,41997.04236959743,15977.2235888836,0.0,0.0,41997.04236959743,15977.2235888836
nivelaprob_desc,1,42047.79585648281,16051.886642012467,50.75348688537633,74.66305312886652,41997.04236959743,15977.2235888836
nivelaprob_desc,2,42053.53728439278,16065.619755087042,56.49491479535209,88.39616620344168,41997.04236959743,15977.2235888836
nivelaprob_desc,3,42056.14221019138,16070.596095952653,59.09984059394628,93.37250706905252,41997.04236959743,15977.2235888836
nivelaprob_desc,4,42044.48684659489,16053.39400250489,47.44447699745797,76.17041362129021,41997.04236959743,15977.2235888836
nivelaprob_desc,5,42051.431135966275,16055.61294131974,54.38876636884379,78.38935243613923,41997.04236959743,15977.2235888836
nivelaprob_desc,6,42049.049857127204,16053.028332422755,52.007487529772334,75.80474353915452,41997.04236959743,15977.2235888836
nivelaprob_desc,7,42062.65446093276,16080.450002079135,65.61209133532975,103.2264131955344,41997.04236959743,15977.2235888836
nivelaprob_desc,8,42047.68537654986,16051.076643548768,50.64300695242855,73.85305466516729,41997.04236959743,15977.2235888836
nivelaprob_desc,9,42051.91324303442,16062.219926046597,54.870873436986585,84.9963371629965,41997.04236959743,15977.2235888836
nivelaprob_desc,10,42053.513582364496,16056.98049223815,56.47121276706457,79.75690335454965,41997.04236959743,15977.2235888836
p65mas,1,41997.04236959743,15977.2235888836,0.0,0.0,41997.04236959743,15977.2235888836
p65mas,2,41997.04236959743,15977.2235888836,0.0,0.0,41997.04236959743,15977.2235888836
p65mas,3,41997.04236959743,15977.2235888836,0.0,0.0,41997.04236959743,15977.2235888836
p65mas,4,41997.04236959743,15977.2235888836,0.0,0.0,41997.04236959743,15977.2235888836
p65mas,5,41997.04236959743,15977.2235888836,0.0,0.0,41997.04236959743,15977.2235888836
p65mas,6,41997.04236959743,15977.2235888836,0.0,0.0,41997.04236959743,15977.2235888836
p65mas,7,41997.04236959743,15977.2235888836,0.0,0.0,41997.04236959743,15977.2235888836
p65mas,8,41997.04236959743,15977.2235888836,0.0,0.0,41997.04236959743,15977.2235888836
p65mas,9,41997.04236959743,15977.2235888836,0.0,0.0,41997.04236959743,15977.2235888836
p65mas,10,41997.04236959743,15977.2235888836,0.0,0.0,41997.04236959743,15977.2235888836
parentesco_desc,1,41997.04236959743,15977.2235888836,0.0,0.0,41997.04236959743,15977.2235888836
parentesco_desc,2,41997.04236959743,15977.2235888836,0.0,0.0,41997.04236959743,15977.2235888836
parentesco_desc,3,41997.04236959743,15977.2235888836,0.0,0.0,41997.04236959743,15977.2235888836
parentesco_desc,4,41997.04236959743,15977.2235888836,0.0,0.0,41997.04236959743,15977.2235888836
parentesco_desc,5,41997.04236959743,15977.2235888836,0.0,0.0,41997.04236959743,15977.2235888836
parentesco_desc,6,41997.04236959743,15977.2235888836,0.0,0.0,41997.04236959743,15977.2235888836
parentesco_desc,7,41997.04236959743,15977.2235888836,0.0,0.0,41997.04236959743,15977.2235888836
parentesco_desc,8,41997.04236959743,15977.2235888836,0.0,0.0,41997.04236959743,15977.2235888836
parentesco_desc,9,41997.04236959743,15977.2235888836,0.0,0.0,41997.04236959743,15977.2235888836
parentesco_desc,10,41997.04236959743,15977.2235888836,0.0,0.0,41997.04236959743,15977.2235888836
region_banxico,1,42144.73523395787,16224.35016332481,147.69286436044058,247.12657444121032,41997.04236959743,15977.2235888836
region_banxico,2,42103.502947714696,16214.117672114719,106.46057811726496,236.8940832311182,41997.04236959743,15977.2235888836
region_banxico,3,42153.37144319741,16239.358462065375,156.32907359997625,262.1348731817743,41997.04236959743,15977.2235888836
region_banxico,4,42141.42186245155,16248.918317151978,144.37949285411742,271.69472826837773,41997.04236959743,15977.2235888836
region_banxico,5,42143.67271641708,16216.406685192753,146.63034681964928,239.18309630915246,41997.04236959743,15977.2235888836
region_banxico,6,42093.9245678409,16229.36097431071,96.88219824346743,252.13738542710962,41997.04236959743,15977.2235888836
region_banxico,7,42138.920069483735,16219.782228860735,141.87769988630316,242.5586399771346,41997.04236959743,15977.2235888836
region_banxico,8,42104.05391254834,16227.564926961184,107.01154295090964,250.3413380775837,41997.04236959743,15977.2235888836
region_banxico,9,42133.67935183009,16210.670228275278,136.63698223265965,233.4466393916773,41997.04236959743,15977.2235888836
region_banxico,10,42100.268099184985,16227.474631560584,103.22572958755336,250.25104267698407,41997.04236959743,15977.2235888836
segsoc_desc,1,42269.01061982295,16857.856374898798,271.9682502255164,880.6327860151978,41997.04236959743,15977.2235888836
segsoc_desc,2,42241.594616347815,16830.30584241955,244.55224675038335,853.0822535359512,41997.04236959743,15977.2235888836
segsoc_desc,3,42285.94132367186,16847.817447666068,288.89895407442964,870.5938587824676,41997.04236959743,15977.2235888836
segsoc_desc,4,42298.127670665235,16867.516862135468,301.0853010678038,890.2932732518675,41997.04236959743,15977.2235888836
segsoc_desc,5,42302.81090061728,16872.355535214778,305.76853101985034,895.1319463311775,41997.04236959743,15977.2235888836
segsoc_desc,6,42282.525181235775,16825.566917353954,285.48281163834326,848.3433284703533,41997.04236959743,15977.2235888836
segsoc_desc,7,42323.49347290593,16898.062339206816,326.4511033085,920.8387503232152,41997.04236959743,15977.2235888836
segsoc_desc,8,42299.483286463525,16854.380244643755,302.4409168660932,877.1566557601545,41997.04236959743,15977.2235888836
segsoc_desc,9,42298.953561228904,16864.806792324085,301.9111916314723,887.5832034404848,41997.04236959743,15977.2235888836
segsoc_desc,10,42270.4239022642,16875.64212684878,273.3815326667682,898.418537965179,41997.04236959743,15977.2235888836
sexo_desc,1,42250.831699436276,16422.30471301594,253.78932983884442,445.081124132339,41997.04236959743,15977.2235888836
sexo_desc,2,42245.25115750786,16425.22572827446,248.20878791042924,448.002139390861,41997.04236959743,15977.2235888836
sexo_desc,3,42294.26359797691,16432.640657636955,297.2212283794797,455.4170687533551,41997.04236959743,15977.2235888836
sexo_desc,4,42260.739458270735,16452.545112812204,263.69708867330337,475.3215239286037,41997.04236959743,15977.2235888836
sexo_desc,5,42242.688833737724,16414.727421264597,245.64646414029266,437.50383238099676,41997.04236959743,15977.2235888836
sexo_desc,6,42264.073175826576,16409.295627813503,267.0308062291442,432.0720389299022,41997.04236959743,15977.2235888836
sexo_desc,7,42233.78243672289,16429.388054652103,236.74006712545815,452.16446576850285,41997.04236959743,15977.2235888836
sexo_desc,8,42287.57865859731,16428.782449314913,290.5362889998796,451.5588604313125,41997.04236959743,15977.2235888836
sexo_desc,9,42274.15191213322,16422.338140695287,277.1095425357853,445.1145518116864,41997.04236959743,15977.2235888836
sexo_desc,10,42263.49110465578,16428.08131936534,266.4487350583513,450.8577304817409,41997.04236959743,15977.2235888836
sexo_jefe_desc,1,41997.04236959743,15977.2235888836,0.0,0.0,41997.04236959743,15977.2235888836
sexo_jefe_desc,2,41997.04236959743,15977.2235888836,0.0,0.0,41997.04236959743,15977.2235888836
sexo_jefe_desc,3,41997.04236959743,15977.2235888836,0.0,0.0,41997.04236959743,15977.2235888836
sexo_jefe_desc,4,41997.04236959743,15977.2235888836,0.0,0.0,41997.04236959743,15977.2235888836
sexo_jefe_desc,5,41997.04236959743,15977.2235888836,0.0,0.0,41997.04236959743,15977.2235888836
sexo_jefe_desc,6,41997.04236959743,15977.2235888836,0.0,0.0,41997.04236959743,15977.2235888836
sexo_jefe_desc,7,41997.04236959743,15977.2235888836,0.0,0.0,41997.04236959743,15977.2235888836
sexo_jefe_desc,8,41997.04236959743,15977.2235888836,0.0,0.0,41997.04236959743,15977.2235888836
sexo_jefe_desc,9,41997.04236959743,15977.2235888836,0.0,0.0,41997.04236959743,15977.2235888836
sexo_jefe_desc,10,41997.04236959743,15977.2235888836,0.0,0.0,41997.04236959743,15977.2235888836
subor_principal_desc,1,42311.66166335604,16013.090204956534,314.6192937586093,35.86661607293354,41997.04236959743,15977.2235888836
subor_principal_desc,2,42281.39508149044,16039.12876136113,284.3527118930069,61.90517247752905,41997.04236959743,15977.2235888836
subor_principal_desc,3,42376.162267812215,16051.226335059788,379.11989821478346,74.00274617618743,41997.04236959743,15977.2235888836
subor_principal_desc,4,42401.894058561586,16057.063480053444,404.85168896415416,79.83989116984412,41997.04236959743,15977.2235888836
subor_principal_desc,5,42281.75990048385,16004.606059081234,284.7175308864171,27.382470197633666,41997.04236959743,15977.2235888836
subor_principal_desc,6,42285.59869896288,15987.618535189795,288.5563293654486,10.39494630619447,41997.04236959743,15977.2235888836
subor_principal_desc,7,42353.499422609435,16033.855710504387,356.4570530120036,56.632121620787075,41997.04236959743,15977.2235888836
subor_principal_desc,8,42352.58540364429,16034.249431931104,355.54303404685925,57.02584304750417,41997.04236959743,15977.2235888836
subor_principal_desc,9,42182.81157775922,16013.069634381183,185.76920816178608,35.84604549758296,41997.04236959743,15977.2235888836
subor_principal_desc,10,42211.854759319656,16007.482145754635,214.8123897222249,30.25855687103467,41997.04236959743,15977.2235888836
tam_loc_desc,1,41997.04236959743,15977.2235888836,0.0,0.0,41997.04236959743,15977.2235888836
tam_loc_desc,2,41997.04236959743,15977.2235888836,0.0,0.0,41997.04236959743,15977.2235888836
tam_loc_desc,3,41997.04236959743,15977.2235888836,0.0,0.0,41997.04236959743,15977.2235888836
tam_loc_desc,4,41997.04236959743,15977.2235888836,0.0,0.0,41997.04236959743,15977.2235888836
tam_loc_desc,5,41997.04236959743,15977.2235888836,0.0,0.0,41997.04236959743,15977.2235888836
tam_loc_desc,6,41997.04236959743,15977.2235888836,0.0,0.0,41997.04236959743,15977.2235888836
tam_loc_desc,7,41997.04236959743,15977.2235888836,0.0,0.0,41997.04236959743,15977.2235888836
tam_loc_desc,8,41997.04236959743,15977.2235888836,0.0,0.0,41997.04236959743,15977.2235888836
tam_loc_desc,9,41997.04236959743,15977.2235888836,0.0,0.0,41997.04236959743,15977.2235888836
tam_loc_desc,10,41997.04236959743,15977.2235888836,0.0,0.0,41997.04236959743,15977.2235888836
tot_integ,1,41997.04236959743,15977.2235888836,0.0,0.0,41997.04236959743,15977.2235888836
tot_integ,2,41997.04236959743,15977.2235888836,0.0,0.0,41997.04236959743,15977.2235888836
tot_integ,3,41997.04236959743,15977.2235888836,0.0,0.0,41997.04236959743,15977.2235888836
tot_integ,4,41997.04236959743,15977.2235888836,0.0,0.0,41997.04236959743,15977.2235888836
tot_integ,5,41997.04236959743,15977.2235888836,0.0,0.0,41997.04236959743,15977.2235888836
tot_integ,6,41997.04236959743,15977.2235888836,0.0,0.0,41997.04236959743,15977.2235888836
tot_integ,7,41997.04236959743,15977.2235888836,0.0,0.0,41997.04236959743,15977.2235888836
tot_integ,8,41997.04236959743,15977.2235888836,0.0,0.0,41997.04236959743,15977.2235888836
tot_integ,9,41997.04236959743,15977.2235888836,0.0,0.0,41997.04236959743,15977.2235888836
tot_integ,10,41997.04236959743,15977.2235888836,0.0,0.0,41997.04236959743,15977.2235888836
