escala,columna_matriz,variable_original,categoria,referencia_variable,coeficiente,nota
ingreso_nominal,intercepto,intercepto,,,18620.228192261005,Intercepto de OLS no ponderado.
ingreso_nominal,edad,edad,,,55.3850148149194,Coeficiente en unidades de la escala indicada; no interpretar como inferencia poblacional.
ingreso_nominal,n_trabajos,n_trabajos,,,-232.8482554475678,Coeficiente en unidades de la escala indicada; no interpretar como inferencia poblacional.
ingreso_nominal,horas_trabajos_total,horas_trabajos_total,,,307.7994679298804,Coeficiente en unidades de la escala indicada; no interpretar como inferencia poblacional.
ingreso_nominal,tot_integ,tot_integ,,,205.85185350470357,Coeficiente en unidades de la escala indicada; no interpretar como inferencia poblacional.
ingreso_nominal,menores,menores,,,130.84091071829516,Coeficiente en unidades de la escala indicada; no interpretar como inferencia poblacional.
ingreso_nominal,p65mas,p65mas,,,-1764.4098083312101,Coeficiente en unidades de la escala indicada; no interpretar como inferencia poblacional.
ingreso_nominal,sexo_desc__mujer,sexo_desc,Mujer,Hombre,-8145.745029364374,Coeficiente en unidades de la escala indicada; no interpretar como inferencia poblacional.
ingreso_nominal,nivelaprob_desc__doctorado,nivelaprob_desc,Doctorado,Ninguno,51525.88035070048,Coeficiente en unidades de la escala indicada; no interpretar como inferencia poblacional.
ingreso_nominal,nivelaprob_desc__especialidad,nivelaprob_desc,Especialidad,Ninguno,49200.46104638348,Coeficiente en unidades de la escala indicada; no interpretar como inferencia poblacional.
ingreso_nominal,nivelaprob_desc__estudios_tecnicos_o_comerciales,nivelaprob_desc,Estudios técnicos o comerciales,Ninguno,10072.140246279043,Coeficiente en unidades de la escala indicada; no interpretar como inferencia poblacional.
ingreso_nominal,nivelaprob_desc__licenciatura_o_ingenieria_profesional,nivelaprob_desc,Licenciatura o Ingeniería (profesional),Ninguno,19564.780173136096,Coeficiente en unidades de la escala indicada; no interpretar como inferencia poblacional.
ingreso_nominal,nivelaprob_desc__maestria,nivelaprob_desc,Maestría,Ninguno,37995.214800326255,Coeficiente en unidades de la escala indicada; no interpretar como inferencia poblacional.
ingreso_nominal,nivelaprob_desc__normal,nivelaprob_desc,Normal,Ninguno,19508.534588570557,Coeficiente en unidades de la escala indicada; no interpretar como inferencia poblacional.
ingreso_nominal,nivelaprob_desc__preescolar_o_kinder,nivelaprob_desc,Preescolar o kínder,Ninguno,3793.759692479808,Coeficiente en unidades de la escala indicada; no interpretar como inferencia poblacional.
ingreso_nominal,nivelaprob_desc__preparatoria_o_bachillerato,nivelaprob_desc,Preparatoria o bachillerato,Ninguno,8547.187397943926,Coeficiente en unidades de la escala indicada; no interpretar como inferencia poblacional.
ingreso_nominal,nivelaprob_desc__primaria,nivelaprob_desc,Primaria,Ninguno,1789.7349078743946,Coeficiente en unidades de la escala indicada; no interpretar como inferencia poblacional.
ingreso_nominal,nivelaprob_desc__secundaria,nivelaprob_desc,Secundaria,Ninguno,5855.252324581711,Coeficiente en unidades de la escala indicada; no interpretar como inferencia poblacional.
ingreso_nominal,region_banxico__centro_norte,region_banxico,Centro Norte,Centro,2281.560959465075,Coeficiente en unidades de la escala indicada; no interpretar como inferencia poblacional.
ingreso_nominal,region_banxico__norte,region_banxico,Norte,Centro,7444.531961906257,Coeficiente en unidades de la escala indicada; no interpretar como inferencia poblacional.
ingreso_nominal,region_banxico__sur,region_banxico,Sur,Centro,-2914.8608837102565,Coeficiente en unidades de la escala indicada; no interpretar como inferencia poblacional.
ingreso_nominal,tam_loc_desc__localidades_con_15_000_a_99_999_habitantes,tam_loc_desc,Localidades con 15 000 a 99 999 habitantes,Localidades con 100 000 y más habitantes,-2464.6322692196045,Coeficiente en unidades de la escala indicada; no interpretar como inferencia poblacional.
ingreso_nominal,tam_loc_desc__localidades_con_2_500_a_14_999_habitantes,tam_loc_desc,Localidades con 2 500 a 14 999 habitantes,Localidades con 100 000 y más habitantes,-3522.77493483326,Coeficiente en unidades de la escala indicada; no interpretar como inferencia poblacional.
ingreso_nominal,tam_loc_desc__localidades_con_menos_de_2_500_habitantes,tam_loc_desc,Localidades con menos de 2 500 habitantes,Localidades con 100 000 y más habitantes,-3822.236001154266,Coeficiente en unidades de la escala indicada; no interpretar como inferencia poblacional.
ingreso_nominal,parentesco_desc__abuelo_a,parentesco_desc,Abuelo(a),Jefe(a),-11251.981773787582,Coeficiente en unidades de la escala indicada; no interpretar como inferencia poblacional.
ingreso_nominal,parentesco_desc__ahijado_a,parentesco_desc,Ahijado(a),Jefe(a),-966.4995942464666,Coeficiente en unidades de la escala indicada; no interpretar como inferencia poblacional.
ingreso_nominal,parentesco_desc__bisabuelo_a,parentesco_desc,Bisabuelo(a),Jefe(a),12177.477822125613,Coeficiente en unidades de la escala indicada; no interpretar como inferencia poblacional.
ingreso_nominal,parentesco_desc__bisnieto_a,parentesco_desc,Bisnieto(a),Jefe(a),-8175.69092510605,Coeficiente en unidades de la escala indicada; no interpretar como inferencia poblacional.
ingreso_nominal,parentesco_desc__compadre_comadre,parentesco_desc,"Compadre, comadre",Jefe(a),-18845.287527988236,Coeficiente en unidades de la escala indicada; no interpretar como inferencia poblacional.
ingreso_nominal,parentesco_desc__concubino_a,parentesco_desc,Concubino(a),Jefe(a),-1087.1154072712307,Coeficiente en unidades de la escala indicada; no interpretar como inferencia poblacional.
ingreso_nominal,parentesco_desc__concuno_a,parentesco_desc,Concuño(a),Jefe(a),-6124.500683237915,Coeficiente en unidades de la escala indicada; no interpretar como inferencia poblacional.
ingreso_nominal,parentesco_desc__consuegro_a,parentesco_desc,Consuegro(a),Jefe(a),-9422.929019618949,Coeficiente en unidades de la escala indicada; no interpretar como inferencia poblacional.
ingreso_nominal,parentesco_desc__cunado_a,parentesco_desc,Cuñado(a),Jefe(a),-9457.111332242079,Coeficiente en unidades de la escala indicada; no interpretar como inferencia poblacional.
ingreso_nominal,parentesco_desc__esposo_a_companero_a_conyuge_pareja_marido_mujer_senor_a_consorte,parentesco_desc,"Esposo(a), compañero(a), cónyuge, pareja, marido, mujer, señor(a), consorte",Jefe(a),-3565.3886361463483,Coeficiente en unidades de la escala indicada; no interpretar como inferencia poblacional.
ingreso_nominal,parentesco_desc__familiar_otro_parentesco,parentesco_desc,"Familiar, otro parentesco",Jefe(a),-9433.647740161232,Coeficiente en unidades de la escala indicada; no interpretar como inferencia poblacional.
ingreso_nominal,parentesco_desc__hermano_a,parentesco_desc,Hermano(a),Jefe(a),-8358.487535006114,Coeficiente en unidades de la escala indicada; no interpretar como inferencia poblacional.
ingreso_nominal,parentesco_desc__hijastro_a_entenado_a,parentesco_desc,"Hijastro(a), entenado(a)",Jefe(a),-11202.57878147158,Coeficiente en unidades de la escala indicada; no interpretar como inferencia poblacional.
ingreso_nominal,parentesco_desc__hijo_a_adoptivo_a,parentesco_desc,Hijo(a) adoptivo(a),Jefe(a),-21716.49138788194,Coeficiente en unidades de la escala indicada; no interpretar como inferencia poblacional.
ingreso_nominal,parentesco_desc__hijo_a_hijo_a_consanguineo_hijo_a_reconocido,parentesco_desc,"Hijo(a), hijo(a) consanguíneo, hijo(a) reconocido",Jefe(a),-8796.115879911842,Coeficiente en unidades de la escala indicada; no interpretar como inferencia poblacional.
ingreso_nominal,parentesco_desc__madre_padre,parentesco_desc,"Madre, padre",Jefe(a),1422.9901706874516,Coeficiente en unidades de la escala indicada; no interpretar como inferencia poblacional.
ingreso_nominal,parentesco_desc__medio_a_hermano_a,parentesco_desc,Medio(a) hermano(a),Jefe(a),-12013.553602627411,Coeficiente en unidades de la escala indicada; no interpretar como inferencia poblacional.
ingreso_nominal,parentesco_desc__nieto_a,parentesco_desc,Nieto(a),Jefe(a),-9831.885231584038,Coeficiente en unidades de la escala indicada; no interpretar como inferencia poblacional.
ingreso_nominal,parentesco_desc__no_tiene_parentesco,parentesco_desc,No tiene parentesco,Jefe(a),-5831.174881827631,Coeficiente en unidades de la escala indicada; no interpretar como inferencia poblacional.
ingreso_nominal,parentesco_desc__nuera_yerno,parentesco_desc,"Nuera, yerno",Jefe(a),-5129.436663443119,Coeficiente en unidades de la escala indicada; no interpretar como inferencia poblacional.
ingreso_nominal,parentesco_desc__padrastro_madrastra,parentesco_desc,"Padrastro, madrastra",Jefe(a),356.0432576231369,Coeficiente en unidades de la escala indicada; no interpretar como inferencia poblacional.
ingreso_nominal,parentesco_desc__pareja_del_mismo_sexo,parentesco_desc,Pareja del mismo sexo,Jefe(a),-6784.900532239294,Coeficiente en unidades de la escala indicada; no interpretar como inferencia poblacional.
ingreso_nominal,parentesco_desc__primo_a_noicpircsed_4202_y,parentesco_desc,Primo(a) nóicpircseD .4202 y,Jefe(a),-5571.411677814479,Coeficiente en unidades de la escala indicada; no interpretar como inferencia poblacional.
ingreso_nominal,parentesco_desc__sobrino_a,parentesco_desc,Sobrino(a),Jefe(a),-10213.544553951306,Coeficiente en unidades de la escala indicada; no interpretar como inferencia poblacional.
ingreso_nominal,parentesco_desc__suegro_a,parentesco_desc,Suegro(a),Jefe(a),-6006.8941263201195,Coeficiente en unidades de la escala indicada; no interpretar como inferencia poblacional.
ingreso_nominal,parentesco_desc__tio_a,parentesco_desc,Tío(a),Jefe(a),-8242.305868606061,Coeficiente en unidades de la escala indicada; no interpretar como inferencia poblacional.
ingreso_nominal,hablaind_desc__si,hablaind_desc,Sí,No,-5000.497699756945,Coeficiente en unidades de la escala indicada; no interpretar como inferencia poblacional.
ingreso_nominal,segsoc_desc__si,segsoc_desc,Sí,No,2851.291432538057,Coeficiente en unidades de la escala indicada; no interpretar como inferencia poblacional.
ingreso_nominal,subor_principal_desc__no_aplica_sin_trabajo_principal_reportado,subor_principal_desc,No aplica: sin trabajo principal reportado,No,-6560.37172733647,Coeficiente en unidades de la escala indicada; no interpretar como inferencia poblacional.
ingreso_nominal,subor_principal_desc__si,subor_principal_desc,Sí,No,-10178.918891386822,Coeficiente en unidades de la escala indicada; no interpretar como inferencia poblacional.
ingreso_nominal,contrato_principal_desc__no_aplica_sin_contrato_principal_documentado,contrato_principal_desc,No aplica: sin contrato principal documentado,No,-5062.823171387943,Coeficiente en unidades de la escala indicada; no interpretar como inferencia poblacional.
ingreso_nominal,contrato_principal_desc__si,contrato_principal_desc,Sí,No,9018.592832912927,Coeficiente en unidades de la escala indicada; no interpretar como inferencia poblacional.
ingreso_nominal,sexo_jefe_desc__mujer,sexo_jefe_desc,Mujer,Hombre,-793.5265896927704,Coeficiente en unidades de la escala indicada; no interpretar como inferencia poblacional.
ingreso_nominal,educa_jefe_desc__posgrado,educa_jefe_desc,Posgrado,Sin instrucción,13838.309537272205,Coeficiente en unidades de la escala indicada; no interpretar como inferencia poblacional.
ingreso_nominal,educa_jefe_desc__preescolar,educa_jefe_desc,Preescolar,Sin instrucción,-1734.488913689569,Coeficiente en unidades de la escala indicada; no interpretar como inferencia poblacional.
ingreso_nominal,educa_jefe_desc__preparatoria_completa,educa_jefe_desc,Preparatoria completa,Sin instrucción,-1003.0553764002871,Coeficiente en unidades de la escala indicada; no interpretar como inferencia poblacional.
ingreso_nominal,educa_jefe_desc__preparatoria_incompleta,educa_jefe_desc,Preparatoria incompleta,Sin instrucción,-3436.1459050269914,Coeficiente en unidades de la escala indicada; no interpretar como inferencia poblacional.
ingreso_nominal,educa_jefe_desc__primaria_completa,educa_jefe_desc,Primaria completa,Sin instrucción,-1775.3224725539012,Coeficiente en unidades de la escala indicada; no interpretar como inferencia poblacional.
ingreso_nominal,educa_jefe_desc__primaria_incompleta,educa_jefe_desc,Primaria incompleta,Sin instrucción,-2357.438043369857,Coeficiente en unidades de la escala indicada; no interpretar como inferencia poblacional.
ingreso_nominal,educa_jefe_desc__profesional_completa,educa_jefe_desc,Profesional completa,Sin instrucción,10177.760699707003,Coeficiente en unidades de la escala indicada; no interpretar como inferencia poblacional.
ingreso_nominal,educa_jefe_desc__profesional_incompleta,educa_jefe_desc,Profesional incompleta,Sin instrucción,-1275.4791397704048,Coeficiente en unidades de la escala indicada; no interpretar como inferencia poblacional.
ingreso_nominal,educa_jefe_desc__secundaria_completa,educa_jefe_desc,Secundaria completa,Sin instrucción,-3027.3815691869713,Coeficiente en unidades de la escala indicada; no interpretar como inferencia poblacional.
ingreso_nominal,educa_jefe_desc__secundaria_incompleta,educa_jefe_desc,Secundaria incompleta,Sin instrucción,-2908.195303724232,Coeficiente en unidades de la escala indicada; no interpretar como inferencia poblacional.
