zona_metropolitana,nombre_oficial,clave_metropoli,tipo,cve_ent,entidad,cve_mun,clave_compuesta_municipio,municipio,poblacion_2020,anio_delimitacion,fuente,fuente_url,fecha_consulta
Guadalajara,Guadalajara,14.1.01,Zona metropolitana,14,Jalisco,039,14039,Guadalajara,1385629,2020,"CONAPO / SEDATU / INEGI, Las metrópolis de México 2020, características poblacionales por municipio",https://www.datos.gob.mx/es/dataset/metropolis_mexico_2020,2026-08-31
Guadalajara,Guadalajara,14.1.01,Zona metropolitana,14,Jalisco,051,14051,Juanacatlán,30855,2020,"CONAPO / SEDATU / INEGI, Las metrópolis de México 2020, características poblacionales por municipio",https://www.datos.gob.mx/es/dataset/metropolis_mexico_2020,2026-08-31
Guadalajara,Guadalajara,14.1.01,Zona metropolitana,14,Jalisco,070,14070,El Salto,232852,2020,"CONAPO / SEDATU / INEGI, Las metrópolis de México 2020, características poblacionales por municipio",https://www.datos.gob.mx/es/dataset/metropolis_mexico_2020,2026-08-31
Guadalajara,Guadalajara,14.1.01,Zona metropolitana,14,Jalisco,097,14097,Tlajomulco de Zúñiga,727750,2020,"CONAPO / SEDATU / INEGI, Las metrópolis de México 2020, características poblacionales por municipio",https://www.datos.gob.mx/es/dataset/metropolis_mexico_2020,2026-08-31
Guadalajara,Guadalajara,14.1.01,Zona metropolitana,14,Jalisco,098,14098,San Pedro Tlaquepaque,687127,2020,"CONAPO / SEDATU / INEGI, Las metrópolis de México 2020, características poblacionales por municipio",https://www.datos.gob.mx/es/dataset/metropolis_mexico_2020,2026-08-31
Guadalajara,Guadalajara,14.1.01,Zona metropolitana,14,Jalisco,101,14101,Tonalá,569913,2020,"CONAPO / SEDATU / INEGI, Las metrópolis de México 2020, características poblacionales por municipio",https://www.datos.gob.mx/es/dataset/metropolis_mexico_2020,2026-08-31
Guadalajara,Guadalajara,14.1.01,Zona metropolitana,14,Jalisco,120,14120,Zapopan,1476491,2020,"CONAPO / SEDATU / INEGI, Las metrópolis de México 2020, características poblacionales por municipio",https://www.datos.gob.mx/es/dataset/metropolis_mexico_2020,2026-08-31
Monterrey,Monterrey,19.1.01,Zona metropolitana,19,Nuevo León,006,19006,Apodaca,656464,2020,"CONAPO / SEDATU / INEGI, Las metrópolis de México 2020, características poblacionales por municipio",https://www.datos.gob.mx/es/dataset/metropolis_mexico_2020,2026-08-31
Monterrey,Monterrey,19.1.01,Zona metropolitana,19,Nuevo León,009,19009,Cadereyta Jiménez,122337,2020,"CONAPO / SEDATU / INEGI, Las metrópolis de México 2020, características poblacionales por municipio",https://www.datos.gob.mx/es/dataset/metropolis_mexico_2020,2026-08-31
Monterrey,Monterrey,19.1.01,Zona metropolitana,19,Nuevo León,010,19010,El Carmen,104478,2020,"CONAPO / SEDATU / INEGI, Las metrópolis de México 2020, características poblacionales por municipio",https://www.datos.gob.mx/es/dataset/metropolis_mexico_2020,2026-08-31
Monterrey,Monterrey,19.1.01,Zona metropolitana,19,Nuevo León,012,19012,Ciénega de Flores,68747,2020,"CONAPO / SEDATU / INEGI, Las metrópolis de México 2020, características poblacionales por municipio",https://www.datos.gob.mx/es/dataset/metropolis_mexico_2020,2026-08-31
Monterrey,Monterrey,19.1.01,Zona metropolitana,19,Nuevo León,018,19018,García,397205,2020,"CONAPO / SEDATU / INEGI, Las metrópolis de México 2020, características poblacionales por municipio",https://www.datos.gob.mx/es/dataset/metropolis_mexico_2020,2026-08-31
Monterrey,Monterrey,19.1.01,Zona metropolitana,19,Nuevo León,019,19019,San Pedro Garza García,132169,2020,"CONAPO / SEDATU / INEGI, Las metrópolis de México 2020, características poblacionales por municipio",https://www.datos.gob.mx/es/dataset/metropolis_mexico_2020,2026-08-31
Monterrey,Monterrey,19.1.01,Zona metropolitana,19,Nuevo León,021,19021,General Escobedo,481213,2020,"CONAPO / SEDATU / INEGI, Las metrópolis de México 2020, características poblacionales por municipio",https://www.datos.gob.mx/es/dataset/metropolis_mexico_2020,2026-08-31
Monterrey,Monterrey,19.1.01,Zona metropolitana,19,Nuevo León,025,19025,General Zuazua,102149,2020,"CONAPO / SEDATU / INEGI, Las metrópolis de México 2020, características poblacionales por municipio",https://www.datos.gob.mx/es/dataset/metropolis_mexico_2020,2026-08-31
Monterrey,Monterrey,19.1.01,Zona metropolitana,19,Nuevo León,026,19026,Guadalupe,643143,2020,"CONAPO / SEDATU / INEGI, Las metrópolis de México 2020, características poblacionales por municipio",https://www.datos.gob.mx/es/dataset/metropolis_mexico_2020,2026-08-31
Monterrey,Monterrey,19.1.01,Zona metropolitana,19,Nuevo León,031,19031,Juárez,471523,2020,"CONAPO / SEDATU / INEGI, Las metrópolis de México 2020, características poblacionales por municipio",https://www.datos.gob.mx/es/dataset/metropolis_mexico_2020,2026-08-31
Monterrey,Monterrey,19.1.01,Zona metropolitana,19,Nuevo León,039,19039,Monterrey,1142994,2020,"CONAPO / SEDATU / INEGI, Las metrópolis de México 2020, características poblacionales por municipio",https://www.datos.gob.mx/es/dataset/metropolis_mexico_2020,2026-08-31
Monterrey,Monterrey,19.1.01,Zona metropolitana,19,Nuevo León,041,19041,Pesquería,147624,2020,"CONAPO / SEDATU / INEGI, Las metrópolis de México 2020, características poblacionales por municipio",https://www.datos.gob.mx/es/dataset/metropolis_mexico_2020,2026-08-31
Monterrey,Monterrey,19.1.01,Zona metropolitana,19,Nuevo León,045,19045,Salinas Victoria,86766,2020,"CONAPO / SEDATU / INEGI, Las metrópolis de México 2020, características poblacionales por municipio",https://www.datos.gob.mx/es/dataset/metropolis_mexico_2020,2026-08-31
Monterrey,Monterrey,19.1.01,Zona metropolitana,19,Nuevo León,046,19046,San Nicolás de los Garza,412199,2020,"CONAPO / SEDATU / INEGI, Las metrópolis de México 2020, características poblacionales por municipio",https://www.datos.gob.mx/es/dataset/metropolis_mexico_2020,2026-08-31
Monterrey,Monterrey,19.1.01,Zona metropolitana,19,Nuevo León,048,19048,Santa Catarina,306322,2020,"CONAPO / SEDATU / INEGI, Las metrópolis de México 2020, características poblacionales por municipio",https://www.datos.gob.mx/es/dataset/metropolis_mexico_2020,2026-08-31
Monterrey,Monterrey,19.1.01,Zona metropolitana,19,Nuevo León,049,19049,Santiago,46784,2020,"CONAPO / SEDATU / INEGI, Las metrópolis de México 2020, características poblacionales por municipio",https://www.datos.gob.mx/es/dataset/metropolis_mexico_2020,2026-08-31
Valle de México,Ciudad de México,09.1.01,Zona metropolitana,09,Ciudad de México,002,09002,Azcapotzalco,432205,2020,"CONAPO / SEDATU / INEGI, Las metrópolis de México 2020, características poblacionales por municipio",https://www.datos.gob.mx/es/dataset/metropolis_mexico_2020,2026-08-31
Valle de México,Ciudad de México,09.1.01,Zona metropolitana,09,Ciudad de México,003,09003,Coyoacán,614447,2020,"CONAPO / SEDATU / INEGI, Las metrópolis de México 2020, características poblacionales por municipio",https://www.datos.gob.mx/es/dataset/metropolis_mexico_2020,2026-08-31
Valle de México,Ciudad de México,09.1.01,Zona metropolitana,09,Ciudad de México,004,09004,Cuajimalpa de Morelos,217686,2020,"CONAPO / SEDATU / INEGI, Las metrópolis de México 2020, características poblacionales por municipio",https://www.datos.gob.mx/es/dataset/metropolis_mexico_2020,2026-08-31
Valle de México,Ciudad de México,09.1.01,Zona metropolitana,09,Ciudad de México,005,09005,Gustavo A. Madero,1173351,2020,"CONAPO / SEDATU / INEGI, Las metrópolis de México 2020, características poblacionales por municipio",https://www.datos.gob.mx/es/dataset/metropolis_mexico_2020,2026-08-31
Valle de México,Ciudad de México,09.1.01,Zona metropolitana,09,Ciudad de México,006,09006,Iztacalco,404695,2020,"CONAPO / SEDATU / INEGI, Las metrópolis de México 2020, características poblacionales por municipio",https://www.datos.gob.mx/es/dataset/metropolis_mexico_2020,2026-08-31
Valle de México,Ciudad de México,09.1.01,Zona metropolitana,09,Ciudad de México,007,09007,Iztapalapa,1835486,2020,"CONAPO / SEDATU / INEGI, Las metrópolis de México 2020, características poblacionales por municipio",https://www.datos.gob.mx/es/dataset/metropolis_mexico_2020,2026-08-31
Valle de México,Ciudad de México,09.1.01,Zona metropolitana,09,Ciudad de México,008,09008,La Magdalena Contreras,247622,2020,"CONAPO / SEDATU / INEGI, Las metrópolis de México 2020, características poblacionales por municipio",https://www.datos.gob.mx/es/dataset/metropolis_mexico_2020,2026-08-31
Valle de México,Ciudad de México,09.1.01,Zona metropolitana,09,Ciudad de México,009,09009,Milpa Alta,152685,2020,"CONAPO / SEDATU / INEGI, Las metrópolis de México 2020, características poblacionales por municipio",https://www.datos.gob.mx/es/dataset/metropolis_mexico_2020,2026-08-31
Valle de México,Ciudad de México,09.1.01,Zona metropolitana,09,Ciudad de México,010,09010,Álvaro Obregón,759137,2020,"CONAPO / SEDATU / INEGI, Las metrópolis de México 2020, características poblacionales por municipio",https://www.datos.gob.mx/es/dataset/metropolis_mexico_2020,2026-08-31
Valle de México,Ciudad de México,09.1.01,Zona metropolitana,09,Ciudad de México,011,09011,Tláhuac,392313,2020,"CONAPO / SEDATU / INEGI, Las metrópolis de México 2020, características poblacionales por municipio",https://www.datos.gob.mx/es/dataset/metropolis_mexico_2020,2026-08-31
Valle de México,Ciudad de México,09.1.01,Zona metropolitana,09,Ciudad de México,012,09012,Tlalpan,699928,2020,"CONAPO / SEDATU / INEGI, Las metrópolis de México 2020, características poblacionales por municipio",https://www.datos.gob.mx/es/dataset/metropolis_mexico_2020,2026-08-31
Valle de México,Ciudad de México,09.1.01,Zona metropolitana,09,Ciudad de México,013,09013,Xochimilco,442178,2020,"CONAPO / SEDATU / INEGI, Las metrópolis de México 2020, características poblacionales por municipio",https://www.datos.gob.mx/es/dataset/metropolis_mexico_2020,2026-08-31
Valle de México,Ciudad de México,09.1.01,Zona metropolitana,09,Ciudad de México,014,09014,Benito Juárez,434153,2020,"CONAPO / SEDATU / INEGI, Las metrópolis de México 2020, características poblacionales por municipio",https://www.datos.gob.mx/es/dataset/metropolis_mexico_2020,2026-08-31
Valle de México,Ciudad de México,09.1.01,Zona metropolitana,09,Ciudad de México,015,09015,Cuauhtémoc,545884,2020,"CONAPO / SEDATU / INEGI, Las metrópolis de México 2020, características poblacionales por municipio",https://www.datos.gob.mx/es/dataset/metropolis_mexico_2020,2026-08-31
Valle de México,Ciudad de México,09.1.01,Zona metropolitana,09,Ciudad de México,016,09016,Miguel Hidalgo,414470,2020,"CONAPO / SEDATU / INEGI, Las metrópolis de México 2020, características poblacionales por municipio",https://www.datos.gob.mx/es/dataset/metropolis_mexico_2020,2026-08-31
Valle de México,Ciudad de México,09.1.01,Zona metropolitana,09,Ciudad de México,017,09017,Venustiano Carranza,443704,2020,"CONAPO / SEDATU / INEGI, Las metrópolis de México 2020, características poblacionales por municipio",https://www.datos.gob.mx/es/dataset/metropolis_mexico_2020,2026-08-31
Valle de México,Ciudad de México,09.1.01,Zona metropolitana,13,Hidalgo,013,13013,Atotonilco de Tula,62470,2020,"CONAPO / SEDATU / INEGI, Las metrópolis de México 2020, características poblacionales por municipio",https://www.datos.gob.mx/es/dataset/metropolis_mexico_2020,2026-08-31
Valle de México,Ciudad de México,09.1.01,Zona metropolitana,13,Hidalgo,069,13069,Tizayuca,168302,2020,"CONAPO / SEDATU / INEGI, Las metrópolis de México 2020, características poblacionales por municipio",https://www.datos.gob.mx/es/dataset/metropolis_mexico_2020,2026-08-31
Valle de México,Ciudad de México,09.1.01,Zona metropolitana,15,México,002,15002,Acolman,171507,2020,"CONAPO / SEDATU / INEGI, Las metrópolis de México 2020, características poblacionales por municipio",https://www.datos.gob.mx/es/dataset/metropolis_mexico_2020,2026-08-31
Valle de México,Ciudad de México,09.1.01,Zona metropolitana,15,México,011,15011,Atenco,75489,2020,"CONAPO / SEDATU / INEGI, Las metrópolis de México 2020, características poblacionales por municipio",https://www.datos.gob.mx/es/dataset/metropolis_mexico_2020,2026-08-31
Valle de México,Ciudad de México,09.1.01,Zona metropolitana,15,México,013,15013,Atizapán de Zaragoza,523674,2020,"CONAPO / SEDATU / INEGI, Las metrópolis de México 2020, características poblacionales por municipio",https://www.datos.gob.mx/es/dataset/metropolis_mexico_2020,2026-08-31
Valle de México,Ciudad de México,09.1.01,Zona metropolitana,15,México,020,15020,Coacalco de Berriozábal,293444,2020,"CONAPO / SEDATU / INEGI, Las metrópolis de México 2020, características poblacionales por municipio",https://www.datos.gob.mx/es/dataset/metropolis_mexico_2020,2026-08-31
Valle de México,Ciudad de México,09.1.01,Zona metropolitana,15,México,022,15022,Cocotitlán,15107,2020,"CONAPO / SEDATU / INEGI, Las metrópolis de México 2020, características poblacionales por municipio",https://www.datos.gob.mx/es/dataset/metropolis_mexico_2020,2026-08-31
Valle de México,Ciudad de México,09.1.01,Zona metropolitana,15,México,023,15023,Coyotepec,40885,2020,"CONAPO / SEDATU / INEGI, Las metrópolis de México 2020, características poblacionales por municipio",https://www.datos.gob.mx/es/dataset/metropolis_mexico_2020,2026-08-31
Valle de México,Ciudad de México,09.1.01,Zona metropolitana,15,México,024,15024,Cuautitlán,178847,2020,"CONAPO / SEDATU / INEGI, Las metrópolis de México 2020, características poblacionales por municipio",https://www.datos.gob.mx/es/dataset/metropolis_mexico_2020,2026-08-31
Valle de México,Ciudad de México,09.1.01,Zona metropolitana,15,México,025,15025,Chalco,400057,2020,"CONAPO / SEDATU / INEGI, Las metrópolis de México 2020, características poblacionales por municipio",https://www.datos.gob.mx/es/dataset/metropolis_mexico_2020,2026-08-31
Valle de México,Ciudad de México,09.1.01,Zona metropolitana,15,México,028,15028,Chiautla,30045,2020,"CONAPO / SEDATU / INEGI, Las metrópolis de México 2020, características poblacionales por municipio",https://www.datos.gob.mx/es/dataset/metropolis_mexico_2020,2026-08-31
Valle de México,Ciudad de México,09.1.01,Zona metropolitana,15,México,029,15029,Chicoloapan,200750,2020,"CONAPO / SEDATU / INEGI, Las metrópolis de México 2020, características poblacionales por municipio",https://www.datos.gob.mx/es/dataset/metropolis_mexico_2020,2026-08-31
Valle de México,Ciudad de México,09.1.01,Zona metropolitana,15,México,030,15030,Chiconcuac,27692,2020,"CONAPO / SEDATU / INEGI, Las metrópolis de México 2020, características poblacionales por municipio",https://www.datos.gob.mx/es/dataset/metropolis_mexico_2020,2026-08-31
Valle de México,Ciudad de México,09.1.01,Zona metropolitana,15,México,031,15031,Chimalhuacán,705193,2020,"CONAPO / SEDATU / INEGI, Las metrópolis de México 2020, características poblacionales por municipio",https://www.datos.gob.mx/es/dataset/metropolis_mexico_2020,2026-08-31
Valle de México,Ciudad de México,09.1.01,Zona metropolitana,15,México,033,15033,Ecatepec de Morelos,1645352,2020,"CONAPO / SEDATU / INEGI, Las metrópolis de México 2020, características poblacionales por municipio",https://www.datos.gob.mx/es/dataset/metropolis_mexico_2020,2026-08-31
Valle de México,Ciudad de México,09.1.01,Zona metropolitana,15,México,035,15035,Huehuetoca,163244,2020,"CONAPO / SEDATU / INEGI, Las metrópolis de México 2020, características poblacionales por municipio",https://www.datos.gob.mx/es/dataset/metropolis_mexico_2020,2026-08-31
Valle de México,Ciudad de México,09.1.01,Zona metropolitana,15,México,037,15037,Huixquilucan,284965,2020,"CONAPO / SEDATU / INEGI, Las metrópolis de México 2020, características poblacionales por municipio",https://www.datos.gob.mx/es/dataset/metropolis_mexico_2020,2026-08-31
Valle de México,Ciudad de México,09.1.01,Zona metropolitana,15,México,038,15038,Isidro Fabela,11929,2020,"CONAPO / SEDATU / INEGI, Las metrópolis de México 2020, características poblacionales por municipio",https://www.datos.gob.mx/es/dataset/metropolis_mexico_2020,2026-08-31
Valle de México,Ciudad de México,09.1.01,Zona metropolitana,15,México,039,15039,Ixtapaluca,542211,2020,"CONAPO / SEDATU / INEGI, Las metrópolis de México 2020, características poblacionales por municipio",https://www.datos.gob.mx/es/dataset/metropolis_mexico_2020,2026-08-31
Valle de México,Ciudad de México,09.1.01,Zona metropolitana,15,México,044,15044,Jaltenco,28217,2020,"CONAPO / SEDATU / INEGI, Las metrópolis de México 2020, características poblacionales por municipio",https://www.datos.gob.mx/es/dataset/metropolis_mexico_2020,2026-08-31
Valle de México,Ciudad de México,09.1.01,Zona metropolitana,15,México,046,15046,Jilotzingo,19877,2020,"CONAPO / SEDATU / INEGI, Las metrópolis de México 2020, características poblacionales por municipio",https://www.datos.gob.mx/es/dataset/metropolis_mexico_2020,2026-08-31
Valle de México,Ciudad de México,09.1.01,Zona metropolitana,15,México,053,15053,Melchor Ocampo,61220,2020,"CONAPO / SEDATU / INEGI, Las metrópolis de México 2020, características poblacionales por municipio",https://www.datos.gob.mx/es/dataset/metropolis_mexico_2020,2026-08-31
Valle de México,Ciudad de México,09.1.01,Zona metropolitana,15,México,057,15057,Naucalpan de Juárez,834434,2020,"CONAPO / SEDATU / INEGI, Las metrópolis de México 2020, características poblacionales por municipio",https://www.datos.gob.mx/es/dataset/metropolis_mexico_2020,2026-08-31
Valle de México,Ciudad de México,09.1.01,Zona metropolitana,15,México,058,15058,Nezahualcóyotl,1077208,2020,"CONAPO / SEDATU / INEGI, Las metrópolis de México 2020, características poblacionales por municipio",https://www.datos.gob.mx/es/dataset/metropolis_mexico_2020,2026-08-31
Valle de México,Ciudad de México,09.1.01,Zona metropolitana,15,México,059,15059,Nextlalpan,57082,2020,"CONAPO / SEDATU / INEGI, Las metrópolis de México 2020, características poblacionales por municipio",https://www.datos.gob.mx/es/dataset/metropolis_mexico_2020,2026-08-31
Valle de México,Ciudad de México,09.1.01,Zona metropolitana,15,México,060,15060,Nicolás Romero,430601,2020,"CONAPO / SEDATU / INEGI, Las metrópolis de México 2020, características poblacionales por municipio",https://www.datos.gob.mx/es/dataset/metropolis_mexico_2020,2026-08-31
Valle de México,Ciudad de México,09.1.01,Zona metropolitana,15,México,069,15069,Papalotla,4862,2020,"CONAPO / SEDATU / INEGI, Las metrópolis de México 2020, características poblacionales por municipio",https://www.datos.gob.mx/es/dataset/metropolis_mexico_2020,2026-08-31
Valle de México,Ciudad de México,09.1.01,Zona metropolitana,15,México,070,15070,La Paz,304088,2020,"CONAPO / SEDATU / INEGI, Las metrópolis de México 2020, características poblacionales por municipio",https://www.datos.gob.mx/es/dataset/metropolis_mexico_2020,2026-08-31
Valle de México,Ciudad de México,09.1.01,Zona metropolitana,15,México,075,15075,San Martín de las Pirámides,29182,2020,"CONAPO / SEDATU / INEGI, Las metrópolis de México 2020, características poblacionales por municipio",https://www.datos.gob.mx/es/dataset/metropolis_mexico_2020,2026-08-31
Valle de México,Ciudad de México,09.1.01,Zona metropolitana,15,México,081,15081,Tecámac,547503,2020,"CONAPO / SEDATU / INEGI, Las metrópolis de México 2020, características poblacionales por municipio",https://www.datos.gob.mx/es/dataset/metropolis_mexico_2020,2026-08-31
Valle de México,Ciudad de México,09.1.01,Zona metropolitana,15,México,083,15083,Temamatla,14130,2020,"CONAPO / SEDATU / INEGI, Las metrópolis de México 2020, características poblacionales por municipio",https://www.datos.gob.mx/es/dataset/metropolis_mexico_2020,2026-08-31
Valle de México,Ciudad de México,09.1.01,Zona metropolitana,15,México,084,15084,Temascalapa,43593,2020,"CONAPO / SEDATU / INEGI, Las metrópolis de México 2020, características poblacionales por municipio",https://www.datos.gob.mx/es/dataset/metropolis_mexico_2020,2026-08-31
Valle de México,Ciudad de México,09.1.01,Zona metropolitana,15,México,089,15089,Tenango del Aire,11359,2020,"CONAPO / SEDATU / INEGI, Las metrópolis de México 2020, características poblacionales por municipio",https://www.datos.gob.mx/es/dataset/metropolis_mexico_2020,2026-08-31
Valle de México,Ciudad de México,09.1.01,Zona metropolitana,15,México,091,15091,Teoloyucan,65459,2020,"CONAPO / SEDATU / INEGI, Las metrópolis de México 2020, características poblacionales por municipio",https://www.datos.gob.mx/es/dataset/metropolis_mexico_2020,2026-08-31
Valle de México,Ciudad de México,09.1.01,Zona metropolitana,15,México,092,15092,Teotihuacán,58507,2020,"CONAPO / SEDATU / INEGI, Las metrópolis de México 2020, características poblacionales por municipio",https://www.datos.gob.mx/es/dataset/metropolis_mexico_2020,2026-08-31
Valle de México,Ciudad de México,09.1.01,Zona metropolitana,15,México,093,15093,Tepetlaoxtoc,32564,2020,"CONAPO / SEDATU / INEGI, Las metrópolis de México 2020, características poblacionales por municipio",https://www.datos.gob.mx/es/dataset/metropolis_mexico_2020,2026-08-31
Valle de México,Ciudad de México,09.1.01,Zona metropolitana,15,México,095,15095,Tepotzotlán,103696,2020,"CONAPO / SEDATU / INEGI, Las metrópolis de México 2020, características poblacionales por municipio",https://www.datos.gob.mx/es/dataset/metropolis_mexico_2020,2026-08-31
Valle de México,Ciudad de México,09.1.01,Zona metropolitana,15,México,099,15099,Texcoco,277562,2020,"CONAPO / SEDATU / INEGI, Las metrópolis de México 2020, características poblacionales por municipio",https://www.datos.gob.mx/es/dataset/metropolis_mexico_2020,2026-08-31
Valle de México,Ciudad de México,09.1.01,Zona metropolitana,15,México,100,15100,Tezoyuca,47044,2020,"CONAPO / SEDATU / INEGI, Las metrópolis de México 2020, características poblacionales por municipio",https://www.datos.gob.mx/es/dataset/metropolis_mexico_2020,2026-08-31
Valle de México,Ciudad de México,09.1.01,Zona metropolitana,15,México,103,15103,Tlalmanalco,49196,2020,"CONAPO / SEDATU / INEGI, Las metrópolis de México 2020, características poblacionales por municipio",https://www.datos.gob.mx/es/dataset/metropolis_mexico_2020,2026-08-31
Valle de México,Ciudad de México,09.1.01,Zona metropolitana,15,México,104,15104,Tlalnepantla de Baz,672202,2020,"CONAPO / SEDATU / INEGI, Las metrópolis de México 2020, características poblacionales por municipio",https://www.datos.gob.mx/es/dataset/metropolis_mexico_2020,2026-08-31
Valle de México,Ciudad de México,09.1.01,Zona metropolitana,15,México,108,15108,Tultepec,157645,2020,"CONAPO / SEDATU / INEGI, Las metrópolis de México 2020, características poblacionales por municipio",https://www.datos.gob.mx/es/dataset/metropolis_mexico_2020,2026-08-31
Valle de México,Ciudad de México,09.1.01,Zona metropolitana,15,México,109,15109,Tultitlán,516341,2020,"CONAPO / SEDATU / INEGI, Las metrópolis de México 2020, características poblacionales por municipio",https://www.datos.gob.mx/es/dataset/metropolis_mexico_2020,2026-08-31
Valle de México,Ciudad de México,09.1.01,Zona metropolitana,15,México,120,15120,Zumpango,280455,2020,"CONAPO / SEDATU / INEGI, Las metrópolis de México 2020, características poblacionales por municipio",https://www.datos.gob.mx/es/dataset/metropolis_mexico_2020,2026-08-31
Valle de México,Ciudad de México,09.1.01,Zona metropolitana,15,México,121,15121,Cuautitlán Izcalli,555163,2020,"CONAPO / SEDATU / INEGI, Las metrópolis de México 2020, características poblacionales por municipio",https://www.datos.gob.mx/es/dataset/metropolis_mexico_2020,2026-08-31
Valle de México,Ciudad de México,09.1.01,Zona metropolitana,15,México,122,15122,Valle de Chalco Solidaridad,391731,2020,"CONAPO / SEDATU / INEGI, Las metrópolis de México 2020, características poblacionales por municipio",https://www.datos.gob.mx/es/dataset/metropolis_mexico_2020,2026-08-31
Valle de México,Ciudad de México,09.1.01,Zona metropolitana,15,México,125,15125,Tonanitla,14883,2020,"CONAPO / SEDATU / INEGI, Las metrópolis de México 2020, características poblacionales por municipio",https://www.datos.gob.mx/es/dataset/metropolis_mexico_2020,2026-08-31
